URL,최종 크롤링
https://www.livingcostcheck.com/salary-check/dallas-tx/60000,2026-01-28
https://www.livingcostcheck.com/salary-check/denver-co/100000,2026-01-27
https://www.livingcostcheck.com/salary-check/denver-co/30000,2026-01-26
http://livingcostcheck.com/,2026-01-26
https://livingcostcheck.com/salary-check/seattle-wa/15000,2026-01-25
https://www.livingcostcheck.com/salary-check/austin-tx/180000,2026-01-25
https://www.livingcostcheck.com/salary-check/dallas-tx/180000,2026-01-25
https://livingcostcheck.com/salary-check/nashville-tn/25000,2026-01-25
https://www.livingcostcheck.com/salary-check/nashville-tn/25000,2026-01-25
https://www.livingcostcheck.com/salary-check/chicago-il/60000,2026-01-25
https://www.livingcostcheck.com/salary-check/austin-tx/40000,2026-01-24
https://livingcostcheck.com/salary-check/new-york-ny/55000,2026-01-24
https://www.livingcostcheck.com/salary-check/new-york-ny/55000,2026-01-24
https://www.livingcostcheck.com/salary-check/san-francisco-ca/90000,2026-01-24
https://www.livingcostcheck.com/salary-check/san-francisco-ca/60000,2026-01-24
https://www.livingcostcheck.com/salary-check/austin-tx/60000,2026-01-24
https://www.livingcostcheck.com/,2026-01-22
https://www.livingcostcheck.com/salary-check/los-angeles-ca/40000,2026-01-22
https://livingcostcheck.com/salary-check/austin-tx/45000,2026-01-21
https://www.livingcostcheck.com/salary-check/chicago-il/100000,2026-01-21
https://livingcostcheck.com/salary-check/denver-co/15000,2026-01-21
https://www.livingcostcheck.com/salary-check/denver-co/15000,2026-01-21
https://livingcostcheck.com/salary-check/chicago-il/25000,2026-01-21
https://www.livingcostcheck.com/salary-check/chicago-il/25000,2026-01-21
https://livingcostcheck.com/salary-check/miami-fl/55000,2026-01-21
https://livingcostcheck.com/salary-check/chicago-il/45000,2026-01-21
https://www.livingcostcheck.com/salary-check/chicago-il/45000,2026-01-21
https://livingcostcheck.com/salary-check/new-york-ny/35000,2026-01-20
https://livingcostcheck.com/salary-check/charlotte-nc/15000,2026-01-20
https://www.livingcostcheck.com/salary-check/charlotte-nc/15000,2026-01-20
https://livingcostcheck.com/salary-check/miami-fl/25000,2026-01-20
https://livingcostcheck.com/salary-check/san-francisco-ca/35000,2026-01-20
https://www.livingcostcheck.com/salary-check/san-francisco-ca/35000,2026-01-20
https://www.livingcostcheck.com/salary-check/seattle-wa/40000,2026-01-20
https://livingcostcheck.com/salary-check/denver-co/55000,2026-01-19
https://www.livingcostcheck.com/salary-check/denver-co/55000,2026-01-19
https://www.livingcostcheck.com/salary-check/denver-co/20000,2026-01-19
https://livingcostcheck.com/salary-check/chicago-il/35000,2026-01-19
https://www.livingcostcheck.com/salary-check/chicago-il/35000,2026-01-19
https://livingcostcheck.com/salary-check/new-york-ny/15000,2026-01-19
https://www.livingcostcheck.com/salary-check/new-york-ny/15000,2026-01-19
https://livingcostcheck.com/salary-check/chicago-il/15000,2026-01-19
https://www.livingcostcheck.com/salary-check/chicago-il/15000,2026-01-19
https://livingcostcheck.com/salary-check/boston-ma/15000,2026-01-19
https://www.livingcostcheck.com/salary-check/boston-ma/15000,2026-01-19
https://livingcostcheck.com/salary-check/boston-ma/25000,2026-01-19
https://www.livingcostcheck.com/salary-check/boston-ma/30000,2026-01-19
https://www.livingcostcheck.com/salary-check/los-angeles-ca/20000,2026-01-19
https://www.livingcostcheck.com/salary-check/austin-tx/30000,2026-01-19
https://www.livingcostcheck.com/salary-check/new-york-ny/30000,2026-01-19
https://www.livingcostcheck.com/salary-check/boston-ma/50000,2026-01-19
https://livingcostcheck.com/salary-check/san-francisco-ca/15000,2026-01-19
https://www.livingcostcheck.com/salary-check/san-francisco-ca/15000,2026-01-19
https://www.livingcostcheck.com/salary-check/austin-tx/50000,2026-01-19
https://livingcostcheck.com/salary-check/boston-ma/55000,2026-01-19
https://www.livingcostcheck.com/salary-check/boston-ma/55000,2026-01-19
https://livingcostcheck.com/salary-check/seattle-wa/35000,2026-01-19
https://www.livingcostcheck.com/salary-check/nashville-tn/40000,2026-01-19
https://livingcostcheck.com/salary-check/austin-tx/55000,2026-01-19
https://www.livingcostcheck.com/salary-check/charlotte-nc/30000,2026-01-19
https://www.livingcostcheck.com/salary-check/dallas-tx/40000,2026-01-19
https://livingcostcheck.com/salary-check/nashville-tn/15000,2026-01-19
https://www.livingcostcheck.com/salary-check/nashville-tn/15000,2026-01-19
https://www.livingcostcheck.com/salary-check/nashville-tn/80000,2026-01-19
https://www.livingcostcheck.com/salary-check/los-angeles-ca/50000,2026-01-19
https://www.livingcostcheck.com/salary-check/miami-fl/50000,2026-01-18
https://livingcostcheck.com/software-engineer-salary-new-york-ny-vs-austin-tx,2026-01-18
https://www.livingcostcheck.com/salary-check/austin-tx/20000,2026-01-18
https://www.livingcostcheck.com/salary-check/boston-ma/20000,2026-01-18
https://www.livingcostcheck.com/salary-check/boston-ma/40000,2026-01-18
https://www.livingcostcheck.com/salary-check/new-york-ny/50000,2026-01-18
https://www.livingcostcheck.com/salary-check/miami-fl/20000,2026-01-18
https://livingcostcheck.com/salary-check/seattle-wa/25000,2026-01-18
https://www.livingcostcheck.com/salary-check/seattle-wa/25000,2026-01-18
https://livingcostcheck.com/salary-check/boston-ma/45000,2026-01-18
https://www.livingcostcheck.com/salary-check/boston-ma/45000,2026-01-18
https://livingcostcheck.com/salary-check/los-angeles-ca/25000,2026-01-18
https://www.livingcostcheck.com/salary-check/los-angeles-ca/25000,2026-01-18
https://livingcostcheck.com/salary-check/nashville-tn/45000,2026-01-18
https://www.livingcostcheck.com/salary-check/nashville-tn/50000,2026-01-18
https://livingcostcheck.com/salary-check/los-angeles-ca/15000,2026-01-18
https://www.livingcostcheck.com/salary-check/austin-tx/110000,2026-01-18
https://livingcostcheck.com/salary-check/los-angeles-ca/45000,2026-01-18
https://www.livingcostcheck.com/salary-check/miami-fl/30000,2026-01-18
https://www.livingcostcheck.com/salary-check/dallas-tx/30000,2026-01-18
https://livingcostcheck.com/salary-check/san-francisco-ca/25000,2026-01-18
https://www.livingcostcheck.com/salary-check/san-francisco-ca/25000,2026-01-18
https://www.livingcostcheck.com/salary-check/dallas-tx/20000,2026-01-18
https://livingcostcheck.com/salary-check/dallas-tx/35000,2026-01-18
https://livingcostcheck.com/salary-check/nashville-tn/35000,2026-01-18
https://www.livingcostcheck.com/salary-check/new-york-ny/100000,2026-01-17
https://www.livingcostcheck.com/salary-check/nashville-tn/60000,2026-01-17
https://livingcostcheck.com/salary-check/denver-co/35000,2026-01-17
https://www.livingcostcheck.com/salary-check/denver-co/35000,2026-01-17
https://livingcostcheck.com/salary-check/seattle-wa/45000,2026-01-17
https://www.livingcostcheck.com/salary-check/seattle-wa/45000,2026-01-17
https://livingcostcheck.com/salary-check/denver-co/45000,2026-01-17
https://www.livingcostcheck.com/salary-check/denver-co/45000,2026-01-17
https://www.livingcostcheck.com/salary-check/dallas-tx/50000,2026-01-17
https://www.livingcostcheck.com/salary-check/new-york-ny/60000,2026-01-17
https://livingcostcheck.com/salary-check/austin-tx/35000,2026-01-17
https://livingcostcheck.com/salary-check/miami-fl/35000,2026-01-17
https://www.livingcostcheck.com/salary-check/miami-fl/35000,2026-01-17
https://livingcostcheck.com/salary-check/denver-co/25000,2026-01-17
https://livingcostcheck.com/salary-check/charlotte-nc/25000,2026-01-17
http://www.livingcostcheck.com/,2026-01-17
https://livingcostcheck.com/salary-check/miami-fl/45000,2026-01-17
https://www.livingcostcheck.com/salary-check/los-angeles-ca/60000,2026-01-17
https://livingcostcheck.com/salary-check/dallas-tx/15000,2026-01-17
https://livingcostcheck.com/salary-check/dallas-tx/45000,2026-01-17
https://www.livingcostcheck.com/salary-check/charlotte-nc/20000,2026-01-17
https://livingcostcheck.com/salary-check/boston-ma/35000,2026-01-17
https://www.livingcostcheck.com/salary-check/austin-tx/15000,2026-01-17
https://livingcostcheck.com/salary-check/dallas-tx/55000,2026-01-17
https://livingcostcheck.com/salary-check/nashville-tn/55000,2026-01-17
https://livingcostcheck.com/salary-check/new-york-ny/45000,2026-01-16
https://www.livingcostcheck.com/salary-check/new-york-ny/45000,2026-01-16
https://livingcostcheck.com/salary-check/chicago-il/55000,2026-01-16
https://livingcostcheck.com/salary-check/new-york-ny/25000,2026-01-16
https://livingcostcheck.com/salary-check/miami-fl/15000,2026-01-14
https://livingcostcheck.com/salary-check/austin-tx/25000,2026-01-14
https://livingcostcheck.com/salary-check/los-angeles-ca/35000,2026-01-14
https://www.livingcostcheck.com/salary-check/los-angeles-ca/35000,2026-01-14
https://livingcostcheck.com/salary-check/seattle-wa/55000,2026-01-14
https://www.livingcostcheck.com/salary-check/seattle-wa/55000,2026-01-14
https://livingcostcheck.com/salary-check/los-angeles-ca/55000,2026-01-14
https://www.livingcostcheck.com/salary-check/dallas-tx/25000,2026-01-14
https://www.livingcostcheck.com/salary-check/seattle-wa/20000,2026-01-14